CHROM	POS	ID	REF	ALT	QUAL	FILTER	INFO	FORMAT	SAMPLE_1	DP	MQ	MQ0F	AF1	FQ	VDB	DP4	IS_INDEL	strand_bias	pass_qual	pass_depth	pass_mq	pass_mq0f	pass_af	pass_fq	pass_vdb	pass_strand	PASS
68U201_v	5738	.	G	C	225.007	.	DP=204;VDB=0.999117;SGB=-0.693147;MQSB=0.00127384;MQ0F=0;AF1=1;AC1=1;DP4=0,0,125,68;MQ=58;FQ=-999	GT:PL	1:255,0	204	58	0	1	-999	0.999117	0,0,125,68	FALSE	0.35233160621761656	TRUE	TRUE	TRUE	TRUE	TRUE	TRUE	TRUE	TRUE	TRUE
68U201_v	5808	.	A	G	225.007	.	DP=231;VDB=8.95689e-06;SGB=-0.693147;MQSB=0.00435925;MQ0F=0;AF1=1;AC1=1;DP4=0,0,139,89;MQ=58;FQ=-999	GT:PL	1:255,0	231	58	0	1	-999	8.95689	0,0,139,89	FALSE	0.39035087719298245	TRUE	TRUE	TRUE	TRUE	TRUE	TRUE	TRUE	TRUE	TRUE
68U201_v	5809	.	G	A	225.007	.	DP=228;VDB=9.28558e-06;SGB=-0.693147;MQSB=0.00435925;MQ0F=0;AF1=1;AC1=1;DP4=0,0,139,89;MQ=58;FQ=-999	GT:PL	1:255,0	228	58	0	1	-999	9.28558	0,0,139,89	FALSE	0.39035087719298245	TRUE	TRUE	TRUE	TRUE	TRUE	TRUE	TRUE	TRUE	TRUE
68U201_v	5984	.	T	A	225.007	.	DP=120;VDB=0.993334;SGB=-0.693147;MQSB=0.656707;MQ0F=0;AF1=1;AC1=1;DP4=0,0,50,66;MQ=59;FQ=-999	GT:PL	1:255,0	120	59	0	1	-999	0.993334	0,0,50,66	FALSE	0.43103448275862066	TRUE	TRUE	TRUE	TRUE	TRUE	TRUE	TRUE	TRUE	TRUE
68U201_v	7161	.	G	A	225.007	.	DP=141;VDB=0.864848;SGB=-0.693147;MQSB=0.989436;MQ0F=0;AF1=1;AC1=1;DP4=0,0,92,36;MQ=59;FQ=-999	GT:PL	1:255,0	141	59	0	1	-999	0.864848	0,0,92,36	FALSE	0.28125	TRUE	TRUE	TRUE	TRUE	TRUE	TRUE	TRUE	TRUE	TRUE
