CHROM	POS	ID	REF	ALT	QUAL	FILTER	INFO	FORMAT	SAMPLE_1	DP	MQ	MQ0F	AF1	FQ	VDB	DP4	IS_INDEL	strand_bias	pass_qual	pass_depth	pass_mq	pass_mq0f	pass_af	pass_fq	pass_vdb	pass_strand	PASS
68U201_7141_v	5354	.	A	G	100.006	.	DP=53;VDB=0.929834;SGB=-0.693146;RPB=0.0843713;MQB=0.00383653;MQSB=0.949538;BQB=0.963739;MQ0F=0;AF1=0.5;AC1=1;DP4=6,3,22,20;MQ=44;FQ=-999;PV4=0.487484,1,9.27149e-05,1	GT:PL	1:255,125	53	44	0	0.5	-999	0.929834	6,3,22,20	FALSE	0.3333333333333333	TRUE	TRUE	TRUE	TRUE	TRUE	TRUE	TRUE	TRUE	TRUE
68U201_7141_v	5371	.	A	G	61.0051	.	DP=45;VDB=0.231836;SGB=-0.693136;RPB=0.401264;MQB=7.189e-05;MQSB=0.18336;BQB=0.715049;MQ0F=0;AF1=0.5;AC1=1;DP4=7,3,23,12;MQ=40;FQ=-999;PV4=1,0.0834455,1.08264e-08,1	GT:PL	1:255,164	45	40	0	0.5	-999	0.231836	7,3,23,12	FALSE	0.3	TRUE	TRUE	TRUE	TRUE	TRUE	TRUE	TRUE	TRUE	TRUE
68U201_7141_v	5372	.	A	G	61.0051	.	DP=45;VDB=0.224542;SGB=-0.693136;RPB=0.401264;MQB=7.189e-05;MQSB=0.18336;BQB=1;MQ0F=0;AF1=0.5;AC1=1;DP4=7,3,23,12;MQ=40;FQ=-999;PV4=1,1,1.08264e-08,1	GT:PL	1:255,164	45	40	0	0.5	-999	0.224542	7,3,23,12	FALSE	0.3	TRUE	TRUE	TRUE	TRUE	TRUE	TRUE	TRUE	TRUE	TRUE
68U201_7141_v	5738	.	C	G	225.007	.	DP=171;VDB=0.557784;SGB=-0.693147;MQSB=0.000491025;MQ0F=0;AF1=1;AC1=1;DP4=0,0,90,65;MQ=59;FQ=-999	GT:PL	1:255,0	171	59	0	1	-999	0.557784	0,0,90,65	FALSE	0.41935483870967744	TRUE	TRUE	TRUE	TRUE	TRUE	TRUE	TRUE	TRUE	TRUE
68U201_7141_v	5808	.	G	A	225.007	.	DP=220;VDB=0.0384111;SGB=-0.693147;MQSB=0.0734042;MQ0F=0;AF1=1;AC1=1;DP4=0,0,140,80;MQ=59;FQ=-999	GT:PL	1:255,0	220	59	0	1	-999	0.0384111	0,0,140,80	FALSE	0.36363636363636365	TRUE	TRUE	TRUE	TRUE	TRUE	TRUE	TRUE	TRUE	TRUE
68U201_7141_v	5809	.	A	G	225.007	.	DP=224;VDB=0.0384111;SGB=-0.693147;MQSB=0.0734042;MQ0F=0;AF1=1;AC1=1;DP4=0,0,140,80;MQ=59;FQ=-999	GT:PL	1:255,0	224	59	0	1	-999	0.0384111	0,0,140,80	FALSE	0.36363636363636365	TRUE	TRUE	TRUE	TRUE	TRUE	TRUE	TRUE	TRUE	TRUE
68U201_7141_v	5984	.	A	T	225.007	.	DP=48;VDB=0.994406;SGB=-0.693147;MQSB=1;MQ0F=0;AF1=1;AC1=1;DP4=0,0,22,26;MQ=60;FQ=-999	GT:PL	1:255,0	48	60	0	1	-999	0.994406	0,0,22,26	FALSE	0.4583333333333333	TRUE	TRUE	TRUE	TRUE	TRUE	TRUE	TRUE	TRUE	TRUE
68U201_7141_v	7161	.	A	G	225.007	.	DP=83;VDB=0.0144422;SGB=-0.693147;MQSB=1;MQ0F=0;AF1=1;AC1=1;DP4=0,0,44,12;MQ=60;FQ=-999	GT:PL	1:255,0	83	60	0	1	-999	0.0144422	0,0,44,12	FALSE	0.21428571428571427	TRUE	TRUE	TRUE	TRUE	TRUE	TRUE	TRUE	TRUE	TRUE
