CHROM	POS	ID	REF	ALT	QUAL	FILTER	INFO	FORMAT	SAMPLE_1	DP	MQ	MQ0F	AF1	FQ	VDB	DP4	IS_INDEL	strand_bias	pass_qual	pass_depth	pass_mq	pass_mq0f	pass_af	pass_fq	pass_vdb	pass_strand	PASS
68U201_v	5738	.	G	C	225.007	.	DP=223;VDB=0.999986;SGB=-0.693147;RPB=0.746175;MQB=0.410085;MQSB=8.25574e-05;BQB=0.743158;MQ0F=0;AF1=1;AC1=1;DP4=7,4,137,55;MQ=57;FQ=-999;PV4=0.733388,0.202632,0.201568,0.0100207	GT:PL	1:255,0	223	57	0	1	-999	0.999986	7,4,137,55	FALSE	0.2864583333333333	TRUE	TRUE	TRUE	TRUE	TRUE	TRUE	TRUE	TRUE	TRUE
68U201_v	5808	.	A	G	225.007	.	DP=229;VDB=9.11135e-06;SGB=-0.693147;RPB=0.0181815;MQB=0.0209152;MQSB=0.00634501;BQB=0.607534;MQ0F=0;AF1=1;AC1=1;DP4=13,7,157,50;MQ=57;FQ=-999;PV4=0.288234,0.0458739,0.0255438,1	GT:PL	1:255,0	229	57	0	1	-999	9.11135	13,7,157,50	FALSE	0.24154589371980675	TRUE	TRUE	TRUE	TRUE	TRUE	TRUE	TRUE	TRUE	TRUE
68U201_v	5809	.	G	A	225.007	.	DP=232;VDB=1.72287e-05;SGB=-0.693147;RPB=0.0086976;MQB=0.0174064;MQSB=0.0069124;BQB=0.772671;MQ0F=0;AF1=1;AC1=1;DP4=14,7,154,50;MQ=57;FQ=-999;PV4=0.42972,0.0555504,0.0214738,1	GT:PL	1:255,0	232	57	0	1	-999	1.72287	14,7,154,50	FALSE	0.24509803921568626	TRUE	TRUE	TRUE	TRUE	TRUE	TRUE	TRUE	TRUE	TRUE
68U201_v	5984	.	T	A	169.006	.	DP=117;VDB=0.959004;SGB=-0.693147;RPB=0.994404;MQB=0.972238;MQSB=0.981354;BQB=0.984288;MQ0F=0;AF1=0.500001;AC1=1;DP4=5,9,42,60;MQ=59;FQ=-999;PV4=0.778219,0.311688,0.266242,1	GT:PL	1:255,56	117	59	0	0.500001	-999	0.959004	5,9,42,60	FALSE	0.35714285714285715	TRUE	TRUE	TRUE	TRUE	TRUE	TRUE	TRUE	TRUE	TRUE
68U201_v	7161	.	G	A	225.007	.	DP=216;VDB=0.831559;SGB=-0.693147;RPB=0.0557989;MQB=0.943198;MQSB=0.970655;BQB=0.0360643;MQ0F=0;AF1=1;AC1=1;DP4=8,12,131,40;MQ=59;FQ=-999;PV4=0.0011548,1,0.203539,1	GT:PL	1:255,0	216	59	0	1	-999	0.831559	8,12,131,40	FALSE	0.23391812865497075	TRUE	TRUE	TRUE	TRUE	TRUE	TRUE	TRUE	TRUE	TRUE
