CHROM	POS	ID	REF	ALT	QUAL	FILTER	INFO	FORMAT	SAMPLE_1	DP	MQ	MQ0F	AF1	FQ	VDB	DP4	IS_INDEL	strand_bias	pass_qual	pass_depth	pass_mq	pass_mq0f	pass_af	pass_fq	pass_vdb	pass_strand	PASS
68U201_7141_v	5738	.	C	G	225.007	.	DP=248;VDB=2.02535e-07;SGB=-0.693147;MQSB=1.32086e-06;MQ0F=0;AF1=1;AC1=1;DP4=0,0,130,72;MQ=56;FQ=-999	GT:PL	1:255,0	248	56	0	1	-999	2.02535	0,0,130,72	FALSE	0.3564356435643564	TRUE	TRUE	TRUE	TRUE	TRUE	TRUE	TRUE	TRUE	TRUE
68U201_7141_v	5808	.	G	A	225.007	.	DP=206;VDB=0.961007;SGB=-0.693147;MQSB=0.48876;MQ0F=0;AF1=1;AC1=1;DP4=0,0,161,43;MQ=58;FQ=-999	GT:PL	1:255,0	206	58	0	1	-999	0.961007	0,0,161,43	FALSE	0.2107843137254902	TRUE	TRUE	TRUE	TRUE	TRUE	TRUE	TRUE	TRUE	TRUE
68U201_7141_v	5809	.	A	G	225.007	.	DP=214;VDB=0.97498;SGB=-0.693147;MQSB=0.427998;MQ0F=0;AF1=1;AC1=1;DP4=0,0,163,43;MQ=58;FQ=-999	GT:PL	1:255,0	214	58	0	1	-999	0.97498	0,0,163,43	FALSE	0.2087378640776699	TRUE	TRUE	TRUE	TRUE	TRUE	TRUE	TRUE	TRUE	TRUE
68U201_7141_v	5984	.	A	T	225.007	.	DP=206;VDB=0.972247;SGB=-0.693147;MQSB=0.713363;MQ0F=0;AF1=1;AC1=1;DP4=0,0,89,110;MQ=59;FQ=-999	GT:PL	1:255,0	206	59	0	1	-999	0.972247	0,0,89,110	FALSE	0.4472361809045226	TRUE	TRUE	TRUE	TRUE	TRUE	TRUE	TRUE	TRUE	TRUE
68U201_7141_v	7161	.	A	G	225.007	.	DP=249;VDB=0.305277;SGB=-0.693147;MQSB=0.977423;MQ0F=0;AF1=1;AC1=1;DP4=0,0,171,70;MQ=60;FQ=-999	GT:PL	1:255,0	249	60	0	1	-999	0.305277	0,0,171,70	FALSE	0.29045643153526973	TRUE	TRUE	TRUE	TRUE	TRUE	TRUE	TRUE	TRUE	TRUE
