CHROM	POS	ID	REF	ALT	QUAL	FILTER	INFO	FORMAT	SAMPLE_1	DP	MQ	MQ0F	AF1	FQ	VDB	DP4	IS_INDEL	strand_bias	pass_qual	pass_depth	pass_mq	pass_mq0f	pass_af	pass_fq	pass_vdb	pass_strand	PASS
68U201_v	5984	.	T	A	225.007	.	DP=196;VDB=0.998608;SGB=-0.693147;RPB=0.764174;MQB=0.995194;MQSB=0.998386;BQB=0.966325;MQ0F=0;AF1=1;AC1=1;DP4=6,6,71,106;MQ=60;FQ=-999;PV4=0.552362,0.269945,0.349264,1	GT:PL	1:255,0	196	60	0	1	-999	0.998608	6,6,71,106	FALSE	0.4011299435028249	TRUE	TRUE	TRUE	TRUE	TRUE	TRUE	TRUE	TRUE	TRUE
68U201_v	7161	.	G	A	225.007	.	DP=248;VDB=0.106679;SGB=-0.693147;RPB=0.977208;MQB=0.942022;MQSB=0.799759;BQB=0.957563;MQ0F=0;AF1=1;AC1=1;DP4=9,4,154,74;MQ=59;FQ=-999;PV4=1,0.477614,0.231784,1	GT:PL	1:255,0	248	59	0	1	-999	0.106679	9,4,154,74	FALSE	0.3076923076923077	TRUE	TRUE	TRUE	TRUE	TRUE	TRUE	TRUE	TRUE	TRUE
