CHROM	POS	ID	REF	ALT	QUAL	FILTER	INFO	FORMAT	SAMPLE_1	DP	MQ	MQ0F	AF1	FQ	VDB	DP4	IS_INDEL	strand_bias	pass_qual	pass_depth	pass_mq	pass_mq0f	pass_af	pass_fq	pass_vdb	pass_strand	PASS
68U201_7141_v	5354	.	A	G	225.007	.	DP=239;VDB=0.972845;SGB=-0.693147;RPB=0.979032;MQB=0.000604337;MQSB=0.830038;BQB=0.834484;MQ0F=0;AF1=1;AC1=1;DP4=6,3,164,47;MQ=42;FQ=-999;PV4=0.428127,0.139302,8.31374e-05,0.336612	GT:PL	1:255,0	239	42	0	1	-999	0.972845	6,3,164,47	FALSE	0.22274881516587677	TRUE	TRUE	TRUE	TRUE	TRUE	TRUE	TRUE	TRUE	TRUE
68U201_7141_v	5984	.	A	T	225.007	.	DP=246;VDB=0.995628;SGB=-0.693147;MQSB=0.846166;MQ0F=0;AF1=1;AC1=1;DP4=0,0,135,106;MQ=59;FQ=-999	GT:PL	1:255,0	246	59	0	1	-999	0.995628	0,0,135,106	FALSE	0.43983402489626555	TRUE	TRUE	TRUE	TRUE	TRUE	TRUE	TRUE	TRUE	TRUE
68U201_7141_v	7161	.	A	G	225.007	.	DP=247;VDB=0.13586;SGB=-0.693147;MQSB=0.986605;MQ0F=0;AF1=1;AC1=1;DP4=0,0,187,48;MQ=60;FQ=-999	GT:PL	1:255,0	247	60	0	1	-999	0.13586	0,0,187,48	FALSE	0.20425531914893616	TRUE	TRUE	TRUE	TRUE	TRUE	TRUE	TRUE	TRUE	TRUE
